Column1,Presynaptic_cell,Postsynaptic_cell,Type,no_synapses,Presynaptic_cell_class,Postsynaptic_cell_class
3976,ADAR,PVQR,EJ,1,ADA,PVQ
3953,ADAL,PVQL,EJ,1,ADA,PVQ
1636,ADAL,AVDR,EJ,2,ADA,AVD
1578,ADAR,AVDL,EJ,2,ADA,AVD
917,ADAR,ASHR,EJ,1,ADA,ASH
890,ADAL,ASHL,EJ,1,ADA,ASH
147,ADAR,ADFR,EJ,1,ADA,ADF
132,ADAL,ADFL,EJ,1,ADA,ADF
29,ADAL,ADAR,EJ,1,ADA,ADA
0,ADAR,ADAL,EJ,1,ADA,ADA
2117,ADEL,AVKR,EJ,1,ADE,AVK
2075,ADER,AVKL,EJ,1,ADE,AVK
467,ADEL,AINL,EJ,1,ADE,AIN
287,ADFR,AIAR,EJ,1,ADF,AIA
30,ADFR,ADAR,EJ,1,ADF,ADA
1,ADFL,ADAL,EJ,1,ADF,ADA
5054,ADLL,RMGL,EJ,1,ADL,RMG
3403,ADLL,OLQVL,EJ,1,ADL,OLQ
1637,ADLL,AVDR,EJ,1,ADL,AVD
200,ADLL,ADLR,EJ,1,ADL,ADL
173,ADLR,ADLL,EJ,1,ADL,ADL
381,AFDR,AIBR,EJ,1,AFD,AIB
326,AFDL,AIBL,EJ,1,AFD,AIB
233,AFDL,AFDR,EJ,1,AFD,AFD
223,AFDR,AFDL,EJ,1,AFD,AFD
2225,AIAR,AWAR,EJ,1,AIA,AWA
2209,AIAL,AWAL,EJ,1,AIA,AWA
958,AIAR,ASIR,EJ,2,AIA,ASI
944,AIAL,ASIL,EJ,2,AIA,ASI
288,AIAL,AIAR,EJ,1,AIA,AIA
248,AIAR,AIAL,EJ,1,AIA,AIA
148,AIAR,ADFR,EJ,1,AIA,ADF
4761,AIBR,RIVR,EJ,1,AIB,RIV
4744,AIBL,RIVL,EJ,1,AIB,RIV
4719,AIBR,RIS,EJ,1,AIB,RIS
4605,AIBL,RIMR,EJ,1,AIB,RIM
4559,AIBR,RIML,EJ,1,AIB,RIM
4481,AIBL,RIGR,EJ,3,AIB,RIG
4443,AIBR,RIGL,EJ,3,AIB,RIG
4038,AIBR,PVT,EJ,1,AIB,PVT
4037,AIBL,PVT,EJ,1,AIB,PVT
2937,AIBR,DVC,EJ,2,AIB,DVC
2936,AIBL,DVC,EJ,1,AIB,DVC
2655,AIBR,DB1,EJ,1,AIB,DB
234,AIBR,AFDR,EJ,1,AIB,AFD
224,AIBL,AFDL,EJ,1,AIB,AFD
5286,AIML,SIBDR,EJ,1,AIM,SIB
1032,AINL,AUAR,EJ,1,AIN,AUA
1012,AINR,AUAL,EJ,1,AIN,AUA
877,AINL,ASGR,EJ,1,AIN,ASG
865,AINR,ASGL,EJ,1,AIN,ASG
484,AINL,AINR,EJ,2,AIN,AIN
468,AINR,AINL,EJ,2,AIN,AIN
58,AINL,ADEL,EJ,1,AIN,ADE
4606,AIYR,RIMR,EJ,1,AIY,RIM
4560,AIYL,RIML,EJ,1,AIY,RIM
523,AIYL,AIYR,EJ,1,AIY,AIY
497,AIYR,AIYL,EJ,1,AIY,AIY
2226,AIZR,AWAR,EJ,1,AIZ,AWA
918,AIZR,ASHR,EJ,1,AIZ,ASH
891,AIZL,ASHL,EJ,1,AIZ,ASH
878,AIZR,ASGR,EJ,1,AIZ,ASG
866,AIZL,ASGL,EJ,1,AIZ,ASG
582,AIZL,AIZR,EJ,2,AIZ,AIZ
549,AIZR,AIZL,EJ,2,AIZ,AIZ
4372,ALA,RID,EJ,1,ALA,RID
4014,ALML,PVR,EJ,1,ALM,PVR
2184,ALMR,AVM,EJ,1,ALM,AVM
2183,ALML,AVM,EJ,1,ALM,AVM
5339,ALNL,SMBDR,EJ,1,ALN,SMB
4482,AQR,RIGR,EJ,1,AQR,RIG
4444,AQR,RIGL,EJ,2,AQR,RIG
3926,AQR,PVPR,EJ,9,AQR,PVP
3891,AQR,PVPL,EJ,7,AQR,PVP
2118,AQR,AVKR,EJ,1,AQR,AVK
2076,AQR,AVKL,EJ,2,AQR,AVK
1392,AQR,AVBL,EJ,1,AQR,AVB
6133,AS1,VD2,EJ,1,AS,VD_DD
5740,AS6,VA8,EJ,1,AS,VA
5730,AS5,VA7,EJ,1,AS,VA
5709,AS3,VA5,EJ,2,AS,VA
5692,AS2,VA4,EJ,2,AS,VA
5676,AS1,VA3,EJ,1,AS,VA
3444,AS11,PDB,EJ,2,AS,PDB
2918,AS9,DVB,EJ,7,AS,DVB
2595,AS6,DA5,EJ,2,AS,DA
2559,AS4,DA3,EJ,1,AS,DA
2536,AS3,DA2,EJ,1,AS,DA
2535,AS2,DA2,EJ,1,AS,DA
1489,AS7,AVBR,EJ,2,AS,AVB
1488,AS6,AVBR,EJ,1,AS,AVB
1393,AS7,AVBL,EJ,2,AS,AVB
1245,AS9,AVAR,EJ,1,AS,AVA
1244,AS8,AVAR,EJ,3,AS,AVA
1243,AS7,AVAR,EJ,5,AS,AVA
1242,AS6,AVAR,EJ,1,AS,AVA
1241,AS5,AVAR,EJ,1,AS,AVA
1240,AS3,AVAR,EJ,1,AS,AVA
1246,AS10,AVAR,EJ,1,AS,AVA
1239,AS1,AVAR,EJ,2,AS,AVA
1076,AS9,AVAL,EJ,4,AS,AVA
1075,AS8,AVAL,EJ,4,AS,AVA
1074,AS7,AVAL,EJ,6,AS,AVA
1073,AS6,AVAL,EJ,1,AS,AVA
1072,AS5,AVAL,EJ,1,AS,AVA
1071,AS3,AVAL,EJ,2,AS,AVA
1077,AS10,AVAL,EJ,1,AS,AVA
1070,AS1,AVAL,EJ,3,AS,AVA
583,ASGR,AIZR,EJ,1,ASG,AIZ
550,ASGL,AIZL,EJ,1,ASG,AIZ
485,ASGL,AINR,EJ,1,ASG,AIN
469,ASGR,AINL,EJ,1,ASG,AIN
5091,ASHR,RMGR,EJ,1,ASH,RMG
5055,ASHL,RMGL,EJ,1,ASH,RMG
4348,ASHR,RICR,EJ,2,ASH,RIC
4319,ASHL,RICL,EJ,2,ASH,RIC
1002,ASHR,ASKR,EJ,1,ASH,ASK
919,ASHL,ASHR,EJ,1,ASH,ASH
892,ASHR,ASHL,EJ,1,ASH,ASH
584,ASHR,AIZR,EJ,1,ASH,AIZ
551,ASHL,AIZL,EJ,1,ASH,AIZ
31,ASHR,ADAR,EJ,1,ASH,ADA
2,ASHL,ADAL,EJ,1,ASH,ADA
959,ASIL,ASIR,EJ,1,ASI,ASI
945,ASIR,ASIL,EJ,1,ASI,ASI
289,ASIR,AIAR,EJ,2,ASI,AIA
249,ASIL,AIAL,EJ,2,ASI,AIA
972,ASJL,ASJR,EJ,1,ASJ,ASJ
963,ASJR,ASJL,EJ,1,ASJ,ASJ
5092,ASKR,RMGR,EJ,1,ASK,RMG
5056,ASKL,RMGL,EJ,1,ASK,RMG
3977,ASKR,PVQR,EJ,4,ASK,PVQ
3954,ASKL,PVQL,EJ,5,ASK,PVQ
1003,ASKL,ASKR,EJ,1,ASK,ASK
990,ASKR,ASKL,EJ,1,ASK,ASK
920,ASKR,ASHR,EJ,1,ASK,ASH
2260,AUAR,AWBR,EJ,1,AUA,AWB
2241,AUAL,AWBL,EJ,1,AUA,AWB
1033,AUAL,AUAR,EJ,1,AUA,AUA
1013,AUAR,AUAL,EJ,1,AUA,AUA
486,AUAL,AINR,EJ,1,AUA,AIN
470,AUAR,AINL,EJ,1,AUA,AIN
5948,AVAR,VB9,EJ,4,AVA,VB
5947,AVAL,VB9,EJ,5,AVA,VB
5768,AVAL,VA9,EJ,1,AVA,VA
5742,AVAR,VA8,EJ,4,AVA,VA
5741,AVAL,VA8,EJ,10,AVA,VA
5732,AVAR,VA7,EJ,4,AVA,VA
5731,AVAL,VA7,EJ,2,AVA,VA
5722,AVAR,VA6,EJ,2,AVA,VA
5721,AVAL,VA6,EJ,6,AVA,VA
5711,AVAR,VA5,EJ,3,AVA,VA
5710,AVAL,VA5,EJ,5,AVA,VA
5694,AVAR,VA4,EJ,3,AVA,VA
5693,AVAL,VA4,EJ,1,AVA,VA
5678,AVAR,VA3,EJ,2,AVA,VA
5677,AVAL,VA3,EJ,1,AVA,VA
5655,AVAL,VA2,EJ,4,AVA,VA
5818,AVAR,VA12,EJ,1,AVA,VA12
5793,AVAR,VA11,EJ,7,AVA,VA
5792,AVAL,VA11,EJ,1,AVA,VA
5785,AVAR,VA10,EJ,1,AVA,VA
5784,AVAL,VA10,EJ,1,AVA,VA
5641,AVAL,VA1,EJ,3,AVA,VA
5635,AVAL,URYVR,EJ,1,AVA,URY
5620,AVAR,URYVL,EJ,1,AVA,URY
5605,AVAR,URYDR,EJ,1,AVA,URY
5593,AVAL,URYDL,EJ,1,AVA,URY
5251,AVAL,SDQR,EJ,1,AVA,SDQ
5225,AVAR,SABVR,EJ,1,AVA,SAB
5224,AVAL,SABVR,EJ,1,AVA,SAB
5215,AVAR,SABVL,EJ,3,AVA,SAB
5200,AVAL,SABD,EJ,4,AVA,SAB
4608,AVAR,RIMR,EJ,1,AVA,RIM
4607,AVAL,RIMR,EJ,3,AVA,RIM
4561,AVAR,RIML,EJ,2,AVA,RIM
3892,AVAL,PVPL,EJ,1,AVA,PVP
3732,AVAR,PVCR,EJ,3,AVA,PVC
3731,AVAL,PVCR,EJ,5,AVA,PVC
3654,AVAL,PVCL,EJ,2,AVA,PVC
3280,AVAL,LUAL,EJ,1,AVA,LUA
2980,AVAL,FLPL,EJ,1,AVA,FLP
2734,AVAL,DB6,EJ,3,AVA,DB
2726,AVAR,DB5,EJ,2,AVA,DB
2628,AVAR,DA8,EJ,1,AVA,DA
2621,AVAL,DA7,EJ,2,AVA,DA
2609,AVAR,DA6,EJ,2,AVA,DA
2608,AVAL,DA6,EJ,10,AVA,DA
2597,AVAR,DA5,EJ,5,AVA,DA
2596,AVAL,DA5,EJ,1,AVA,DA
2581,AVAR,DA4,EJ,2,AVA,DA
2580,AVAL,DA4,EJ,3,AVA,DA
2560,AVAR,DA3,EJ,2,AVA,DA
2538,AVAR,DA2,EJ,2,AVA,DA
2537,AVAL,DA2,EJ,2,AVA,DA
2518,AVAR,DA1,EJ,6,AVA,DA
2517,AVAL,DA1,EJ,2,AVA,DA
2003,AVAL,AVJL,EJ,2,AVA,AVJ
1247,AVAL,AVAR,EJ,5,AVA,AVA
1078,AVAR,AVAL,EJ,5,AVA,AVA
784,AVAR,AS9,EJ,1,AVA,AS
783,AVAL,AS9,EJ,4,AVA,AS
780,AVAR,AS8,EJ,3,AVA,AS
779,AVAL,AS8,EJ,4,AVA,AS
773,AVAR,AS7,EJ,5,AVA,AS
772,AVAL,AS7,EJ,6,AVA,AS
761,AVAR,AS6,EJ,1,AVA,AS
760,AVAL,AS6,EJ,1,AVA,AS
747,AVAR,AS5,EJ,1,AVA,AS
746,AVAL,AS5,EJ,1,AVA,AS
720,AVAR,AS3,EJ,1,AVA,AS
719,AVAL,AS3,EJ,2,AVA,AS
791,AVAR,AS10,EJ,1,AVA,AS
790,AVAL,AS10,EJ,1,AVA,AS
693,AVAR,AS1,EJ,2,AVA,AS
692,AVAL,AS1,EJ,3,AVA,AS
6231,AVBR,VD10,EJ,1,AVB,VD_DD
5950,AVBR,VB9,EJ,6,AVB,VB
5949,AVBL,VB9,EJ,1,AVB,VB
5933,AVBR,VB8,EJ,3,AVB,VB
5932,AVBL,VB8,EJ,7,AVB,VB
5921,AVBR,VB7,EJ,2,AVB,VB
5920,AVBL,VB7,EJ,2,AVB,VB
5911,AVBR,VB6,EJ,2,AVB,VB
5910,AVBL,VB6,EJ,1,AVB,VB
5898,AVBL,VB5,EJ,1,AVB,VB
5889,AVBR,VB4,EJ,1,AVB,VB
5888,AVBL,VB4,EJ,1,AVB,VB
5878,AVBR,VB3,EJ,1,AVB,VB
5861,AVBR,VB2,EJ,1,AVB,VB02
5860,AVBL,VB2,EJ,3,AVB,VB02
5979,AVBR,VB11,EJ,1,AVB,VB
5978,AVBL,VB11,EJ,2,AVB,VB
5965,AVBR,VB10,EJ,1,AVB,VB
5964,AVBL,VB10,EJ,2,AVB,VB
5847,AVBL,VB1,EJ,1,AVB,VB01
5769,AVBR,VA9,EJ,1,AVB,VA
5743,AVBR,VA8,EJ,1,AVB,VA
5295,AVBR,SIBVL,EJ,1,AVB,SIB
5294,AVBL,SIBVL,EJ,1,AVB,SIB
5252,AVBL,SDQR,EJ,1,AVB,SDQ
4374,AVBR,RID,EJ,2,AVB,RID
4373,AVBL,RID,EJ,1,AVB,RID
4277,AVBR,RIBR,EJ,1,AVB,RIB
4276,AVBL,RIBR,EJ,1,AVB,RIB
4230,AVBR,RIBL,EJ,1,AVB,RIB
4229,AVBL,RIBL,EJ,1,AVB,RIB
3826,AVBR,PVNL,EJ,2,AVB,PVN
2863,AVBR,DVA,EJ,1,AVB,DVA
2862,AVBL,DVA,EJ,1,AVB,DVA
2756,AVBR,DD1,EJ,1,AVB,VD_DD
2741,AVBR,DB7,EJ,1,AVB,DB
2740,AVBL,DB7,EJ,2,AVB,DB
2736,AVBR,DB6,EJ,1,AVB,DB
2735,AVBL,DB6,EJ,2,AVB,DB
2728,AVBR,DB5,EJ,1,AVB,DB
2727,AVBL,DB5,EJ,1,AVB,DB
2712,AVBR,DB4,EJ,1,AVB,DB
2711,AVBL,DB4,EJ,1,AVB,DB
2694,AVBR,DB3,EJ,1,AVB,DB
2693,AVBL,DB3,EJ,1,AVB,DB
2672,AVBR,DB2,EJ,1,AVB,DB
2656,AVBR,DB1,EJ,3,AVB,DB
1490,AVBL,AVBR,EJ,3,AVB,AVB
1394,AVBR,AVBL,EJ,3,AVB,AVB
775,AVBR,AS7,EJ,2,AVB,AS
774,AVBL,AS7,EJ,2,AVB,AS
762,AVBR,AS6,EJ,1,AVB,AS
660,AVBL,AQR,EJ,1,AVB,AQR
3008,AVDR,FLPR,EJ,1,AVD,FLP
3007,AVDL,FLPR,EJ,1,AVD,FLP
2981,AVDL,FLPL,EJ,1,AVD,FLP
2185,AVDL,AVM,EJ,2,AVD,AVM
2004,AVDR,AVJL,EJ,2,AVD,AVJ
174,AVDR,ADLL,EJ,1,AVD,ADL
32,AVDL,ADAR,EJ,2,AVD,ADA
3,AVDR,ADAL,EJ,2,AVD,ADA
4995,AVER,RMEV,EJ,1,AVE,RME_DV
4994,AVEL,RMEV,EJ,1,AVE,RME_DV
4934,AVER,RMDVR,EJ,1,AVE,RMD_DV
4933,AVEL,RMDVR,EJ,1,AVE,RMD_DV
4905,AVER,RMDVL,EJ,1,AVE,RMD_DV
4610,AVER,RIMR,EJ,2,AVE,RIM
4609,AVEL,RIMR,EJ,3,AVE,RIM
4563,AVER,RIML,EJ,3,AVE,RIM
4562,AVEL,RIML,EJ,2,AVE,RIM
1772,AVEL,AVER,EJ,1,AVE,AVE
1697,AVER,AVEL,EJ,1,AVE,AVE
6076,AVFR,VC4,EJ,1,AVF,VC_4_5
3978,AVFL,PVQR,EJ,1,AVF,PVQ
1969,AVFR,AVHR,EJ,1,AVF,AVH
1968,AVFL,AVHR,EJ,3,AVF,AVH
1932,AVFR,AVHL,EJ,2,AVF,AVH
1931,AVFL,AVHL,EJ,2,AVF,AVH
1873,AVFL,AVFR,EJ,23,AVF,AVF
1829,AVFR,AVFL,EJ,23,AVF,AVF
4416,AVG,RIFR,EJ,1,AVG,RIF
4393,AVG,RIFL,EJ,1,AVG,RIF
3536,AVHL,PHBR,EJ,1,AVH,PHB
1970,AVHL,AVHR,EJ,1,AVH,AVH
1933,AVHR,AVHL,EJ,1,AVH,AVH
1875,AVHR,AVFR,EJ,1,AVH,AVF
1874,AVHL,AVFR,EJ,2,AVH,AVF
1831,AVHR,AVFL,EJ,3,AVH,AVF
1830,AVHL,AVFL,EJ,2,AVH,AVF
4720,AVJL,RIS,EJ,1,AVJ,RIS
3733,AVJL,PVCR,EJ,3,AVJ,PVC
3656,AVJR,PVCL,EJ,1,AVJ,PVC
3655,AVJL,PVCL,EJ,1,AVJ,PVC
2051,AVJL,AVJR,EJ,4,AVJ,AVJ
2005,AVJR,AVJL,EJ,4,AVJ,AVJ
1638,AVJL,AVDR,EJ,2,AVJ,AVD
1079,AVJL,AVAL,EJ,2,AVJ,AVA
5966,AVKL,VB10,EJ,1,AVK,VB
5848,AVKL,VB1,EJ,4,AVK,VB01
5368,AVKR,SMBVR,EJ,1,AVK,SMB
5367,AVKL,SMBVR,EJ,1,AVK,SMB
5341,AVKR,SMBDR,EJ,2,AVK,SMB
5340,AVKL,SMBDR,EJ,1,AVK,SMB
5322,AVKR,SMBDL,EJ,1,AVK,SMB
5321,AVKL,SMBDL,EJ,1,AVK,SMB
4483,AVKR,RIGR,EJ,1,AVK,RIG
4445,AVKL,RIGL,EJ,1,AVK,RIG
4349,AVKL,RICR,EJ,1,AVK,RIC
4321,AVKR,RICL,EJ,1,AVK,RIC
4320,AVKL,RICL,EJ,1,AVK,RIC
4039,AVKL,PVT,EJ,2,AVK,PVT
3927,AVKL,PVPR,EJ,1,AVK,PVP
3894,AVKR,PVPL,EJ,6,AVK,PVP
3893,AVKL,PVPL,EJ,1,AVK,PVP
2119,AVKL,AVKR,EJ,2,AVK,AVK
2077,AVKR,AVKL,EJ,2,AVK,AVK
662,AVKR,AQR,EJ,1,AVK,AQR
661,AVKL,AQR,EJ,2,AVK,AQR
99,AVKL,ADER,EJ,1,AVK,ADE
59,AVKR,ADEL,EJ,1,AVK,ADE
3797,AVL,PVM,EJ,1,AVL,PVM
2938,AVL,DVC,EJ,9,AVL,DVC
2919,AVL,DVB,EJ,1,AVL,DVB
1579,AVM,AVDL,EJ,2,AVM,AVD
637,AVM,ALMR,EJ,1,AVM,ALM
619,AVM,ALML,EJ,1,AVM,ALM
2227,AWAL,AWAR,EJ,1,AWA,AWA
2210,AWAR,AWAL,EJ,1,AWA,AWA
585,AWAR,AIZR,EJ,1,AWA,AIZ
290,AWAR,AIAR,EJ,1,AWA,AIA
250,AWAL,AIAL,EJ,1,AWA,AIA
5093,AWBR,RMGR,EJ,1,AWB,RMG
5057,AWBL,RMGL,EJ,1,AWB,RMG
4322,AWBR,RICL,EJ,1,AWB,RIC
2261,AWBL,AWBR,EJ,1,AWB,AWB
2242,AWBR,AWBL,EJ,1,AWB,AWB
1034,AWBR,AUAR,EJ,1,AWB,AUA
1014,AWBL,AUAL,EJ,1,AWB,AUA
4695,BAGR,RIR,EJ,1,BAG,RIR
4694,BAGL,RIR,EJ,1,BAG,RIR
4484,BAGL,RIGR,EJ,1,BAG,RIG
4446,BAGR,RIGL,EJ,1,BAG,RIG
2344,BAGL,BAGR,EJ,1,BAG,BAG
2322,BAGR,BAGL,EJ,1,BAG,BAG
4533,CEPVR,RIH,EJ,1,CEP,RIH
4532,CEPVL,RIH,EJ,1,CEP,RIH
4531,CEPDR,RIH,EJ,1,CEP,RIH
4530,CEPDL,RIH,EJ,1,CEP,RIH
3422,CEPVR,OLQVR,EJ,1,CEP,OLQ
3404,CEPVL,OLQVL,EJ,1,CEP,OLQ
3379,CEPDR,OLQDR,EJ,2,CEP,OLQ
3363,CEPDL,OLQDL,EJ,1,CEP,OLQ
5912,DA4,VB6,EJ,1,DA,VB
5712,DA5,VA5,EJ,2,DA,VA
5695,DA5,VA4,EJ,1,DA,VA
5642,DA2,VA1,EJ,2,DA,VA
5226,DA1,SABVR,EJ,3,DA,SAB
5217,DA2,SABVL,EJ,1,DA,SAB
5216,DA1,SABVL,EJ,2,DA,SAB
2695,DA4,DB3,EJ,1,DA,DB
2639,DA8,DA9,EJ,1,DA,DA9
2582,DA1,DA4,EJ,1,DA,DA
2519,DA4,DA1,EJ,1,DA,DA
1254,DA8,AVAR,EJ,1,DA,AVA
1253,DA6,AVAR,EJ,2,DA,AVA
1252,DA5,AVAR,EJ,5,DA,AVA
1251,DA4,AVAR,EJ,2,DA,AVA
1250,DA3,AVAR,EJ,2,DA,AVA
1249,DA2,AVAR,EJ,2,DA,AVA
1248,DA1,AVAR,EJ,6,DA,AVA
1085,DA7,AVAL,EJ,2,DA,AVA
1084,DA6,AVAL,EJ,10,DA,AVA
1083,DA5,AVAL,EJ,1,DA,AVA
1082,DA4,AVAL,EJ,3,DA,AVA
1081,DA2,AVAL,EJ,2,DA,AVA
1080,DA1,AVAL,EJ,2,DA,AVA
763,DA5,AS6,EJ,2,DA,AS
734,DA3,AS4,EJ,1,DA,AS
721,DA2,AS3,EJ,1,DA,AS
707,DA2,AS2,EJ,1,DA,AS
4375,DA9,RID,EJ,1,DA9,RID
3547,DA9,PHCL,EJ,1,DA9,PHC
3440,DA9,PDA,EJ,1,DA9,PDA
2629,DA9,DA8,EJ,1,DA9,DA
5891,DB4,VB4,EJ,1,DB,VB
5862,DB4,VB2,EJ,1,DB,VB02
5849,DB2,VB1,EJ,2,DB,VB01
2714,DB3,DB4,EJ,1,DB,DB
2697,DB4,DB3,EJ,1,DB,DB
2696,DB2,DB3,EJ,6,DB,DB
2674,DB3,DB2,EJ,6,DB,DB
2658,DB4,DB1,EJ,1,DB,DB
2657,DB2,DB1,EJ,1,DB,DB
2583,DB3,DA4,EJ,1,DB,DA
1497,DB7,AVBR,EJ,1,DB,AVB
1496,DB6,AVBR,EJ,1,DB,AVB
1495,DB5,AVBR,EJ,1,DB,AVB
1494,DB4,AVBR,EJ,1,DB,AVB
1493,DB3,AVBR,EJ,1,DB,AVB
1492,DB2,AVBR,EJ,1,DB,AVB
1399,DB7,AVBL,EJ,2,DB,AVB
1398,DB6,AVBL,EJ,2,DB,AVB
1397,DB5,AVBL,EJ,1,DB,AVB
1396,DB4,AVBL,EJ,1,DB,AVB
1395,DB3,AVBL,EJ,1,DB,AVB
1255,DB5,AVAR,EJ,2,DB,AVA
1086,DB6,AVAL,EJ,3,DB,AVA
5890,DB1,VB4,EJ,1,DB01,VB
5879,DB1,VB3,EJ,1,DB01,VB
4721,DB1,RIS,EJ,1,DB01,RIS
4376,DB1,RID,EJ,1,DB01,RID
2864,DB1,DVA,EJ,1,DB01,DVA
2713,DB1,DB4,EJ,1,DB01,DB
2673,DB1,DB2,EJ,1,DB01,DB
1491,DB1,AVBR,EJ,3,DB01,AVB
382,DB1,AIBR,EJ,1,DB01,AIB
4015,DVA,PVR,EJ,2,DVA,PVR
3657,DVA,PVCL,EJ,1,DVA,PVC
2659,DVA,DB1,EJ,1,DVA,DB
1499,DVA,AVBR,EJ,1,DVA,AVB
1400,DVA,AVBL,EJ,1,DVA,AVB
5951,DVB,VB9,EJ,1,DVB,VB
5770,DVB,VA9,EJ,1,DVB,VA
2150,DVB,AVL,EJ,1,DVB,AVL
785,DVB,AS9,EJ,7,DVB,AS
6233,DVC,VD10,EJ,4,DVC,VD_DD
6109,DVC,VD1,EJ,5,DVC,VD_DD
5771,DVC,VA9,EJ,1,DVC,VA
3928,DVC,PVPR,EJ,13,DVC,PVP
3895,DVC,PVPL,EJ,2,DVC,PVP
2151,DVC,AVL,EJ,9,DVC,AVL
383,DVC,AIBR,EJ,2,DVC,AIB
327,DVC,AIBL,EJ,1,DVC,AIB
4534,FLPL,RIH,EJ,1,FLP,RIH
3009,FLPL,FLPR,EJ,2,FLP,FLP
2982,FLPR,FLPL,EJ,2,FLP,FLP
1639,FLPR,AVDR,EJ,1,FLP,AVD
1581,FLPR,AVDL,EJ,1,FLP,AVD
1580,FLPL,AVDL,EJ,1,FLP,AVD
1087,FLPL,AVAL,EJ,1,FLP,AVA
3862,HSNR,PVNR,EJ,1,HSN,PVN
3070,HSNL,HSNR,EJ,1,HSN,HSN
3033,HSNR,HSNL,EJ,1,HSN,HSN
4997,IL1DR,RMEV,EJ,1,IL1,RME_DV
4996,IL1DL,RMEV,EJ,1,IL1,RME_DV
4951,IL1VL,RMED,EJ,1,IL1,RME_DV
3343,IL1DR,OLLR,EJ,1,IL1,OLL
3312,IL1DL,OLLL,EJ,1,IL1,OLL
3225,IL1VR,IL2R,EJ,1,IL1,IL2_LR
3172,IL1VL,IL1VR,EJ,1,IL1,IL1
3171,IL1R,IL1VR,EJ,1,IL1,IL1
3157,IL1VR,IL1VL,EJ,1,IL1,IL1
3156,IL1L,IL1VL,EJ,1,IL1,IL1
3138,IL1VR,IL1R,EJ,1,IL1,IL1
3137,IL1DR,IL1R,EJ,1,IL1,IL1
3123,IL1VL,IL1L,EJ,1,IL1,IL1
3122,IL1DL,IL1L,EJ,1,IL1,IL1
3109,IL1R,IL1DR,EJ,1,IL1,IL1
3108,IL1DL,IL1DR,EJ,1,IL1,IL1
3094,IL1L,IL1DL,EJ,1,IL1,IL1
3093,IL1DR,IL1DL,EJ,1,IL1,IL1
5578,IL2R,URXR,EJ,1,IL2_LR,URX
5094,IL2R,RMGR,EJ,1,IL2_LR,RMG
5058,IL2L,RMGL,EJ,1,IL2_LR,RMG
4017,LUAR,PVR,EJ,1,LUA,PVR
4016,LUAL,PVR,EJ,1,LUA,PVR
3580,LUAR,PLMR,EJ,1,LUA,PLM
3566,LUAL,PLML,EJ,1,LUA,PLM
1088,LUAL,AVAL,EJ,1,LUA,AVA
4485,OLLR,RIGR,EJ,1,OLL,RIG
4447,OLLL,RIGL,EJ,1,OLL,RIG
3344,OLLL,OLLR,EJ,2,OLL,OLL
3313,OLLR,OLLL,EJ,2,OLL,OLL
3110,OLLR,IL1DR,EJ,1,OLL,IL1
3095,OLLL,IL1DL,EJ,1,OLL,IL1
5533,OLQVR,URBR,EJ,1,OLQ,URB
5532,OLQDR,URBR,EJ,1,OLQ,URB
5516,OLQVL,URBL,EJ,1,OLQ,URB
5515,OLQDL,URBL,EJ,1,OLQ,URB
4935,OLQDR,RMDVR,EJ,1,OLQ,RMD_DV
4906,OLQDL,RMDVL,EJ,1,OLQ,RMD_DV
4812,OLQVR,RMDDR,EJ,1,OLQ,RMD_DV
4789,OLQVL,RMDDL,EJ,1,OLQ,RMD_DV
4535,OLQDR,RIH,EJ,1,OLQ,RIH
4487,OLQVR,RIGR,EJ,1,OLQ,RIG
4486,OLQDR,RIGR,EJ,1,OLQ,RIG
4449,OLQVL,RIGL,EJ,1,OLQ,RIG
4448,OLQDL,RIGL,EJ,1,OLQ,RIG
4279,OLQVR,RIBR,EJ,1,OLQ,RIB
4278,OLQDR,RIBR,EJ,2,OLQ,RIB
4232,OLQVL,RIBL,EJ,1,OLQ,RIB
4231,OLQDL,RIBL,EJ,2,OLQ,RIB
2487,OLQVR,CEPVR,EJ,1,OLQ,CEP
2464,OLQVL,CEPVL,EJ,1,OLQ,CEP
2433,OLQDR,CEPDR,EJ,2,OLQ,CEP
2401,OLQDL,CEPDL,EJ,1,OLQ,CEP
175,OLQVL,ADLL,EJ,1,OLQ,ADL
2640,PDA,DA9,EJ,1,PDA,DA9
4377,PDB,RID,EJ,2,PDB,RID
798,PDB,AS11,EJ,2,PDB,AS
6224,PDER,VD9,EJ,1,PDE,VD_DD
5744,PDER,VA8,EJ,1,PDE,VA
3799,PDER,PVM,EJ,1,PDE,PVM
3798,PDEL,PVM,EJ,1,PDE,PVM
3734,PDEL,PVCR,EJ,1,PDE,PVC
3476,PDEL,PDER,EJ,3,PDE,PDE
3456,PDER,PDEL,EJ,3,PDE,PDE
3896,PHAR,PVPL,EJ,3,PHA,PVP
3510,PHAL,PHAR,EJ,2,PHA,PHA
3494,PHAR,PHAL,EJ,2,PHA,PHA
3537,PHBL,PHBR,EJ,3,PHB,PHB
3521,PHBR,PHBL,EJ,3,PHB,PHB
1934,PHBR,AVHL,EJ,1,PHB,AVH
5820,PHCR,VA12,EJ,1,PHC,VA12
5819,PHCL,VA12,EJ,1,PHC,VA12
3735,PHCR,PVCR,EJ,1,PHC,PVC
3567,PHCL,PLML,EJ,1,PHC,PLM
3560,PHCL,PHCR,EJ,1,PHC,PHC
3548,PHCR,PHCL,EJ,1,PHC,PHC
2641,PHCL,DA9,EJ,1,PHC,DA9
4018,PLMR,PVR,EJ,2,PLM,PVR
3736,PLMR,PVCR,EJ,1,PLM,PVC
3658,PLML,PVCL,EJ,1,PLM,PVC
3549,PLML,PHCL,EJ,1,PLM,PHC
3294,PLMR,LUAR,EJ,1,PLM,LUA
3281,PLML,LUAL,EJ,1,PLM,LUA
3897,PQR,PVPL,EJ,4,PQR,PVP
5952,PVCL,VB9,EJ,2,PVC,VB
5967,PVCL,VB10,EJ,1,PVC,VB
5772,PVCR,VA9,EJ,1,PVC,VA
5745,PVCR,VA8,EJ,2,PVC,VA
4075,PVCR,PVWR,EJ,1,PVC,PVW
4067,PVCR,PVWL,EJ,2,PVC,PVW
3737,PVCL,PVCR,EJ,5,PVC,PVC
3659,PVCR,PVCL,EJ,5,PVC,PVC
3581,PVCR,PLMR,EJ,1,PVC,PLM
3568,PVCL,PLML,EJ,1,PVC,PLM
3561,PVCR,PHCR,EJ,1,PVC,PHC
3457,PVCR,PDEL,EJ,1,PVC,PDE
2865,PVCL,DVA,EJ,1,PVC,DVA
2052,PVCL,AVJR,EJ,1,PVC,AVJ
2007,PVCR,AVJL,EJ,3,PVC,AVJ
2006,PVCL,AVJL,EJ,1,PVC,AVJ
1256,PVCR,AVAR,EJ,3,PVC,AVA
1090,PVCR,AVAL,EJ,5,PVC,AVA
1089,PVCL,AVAL,EJ,2,PVC,AVA
3477,PVM,PDER,EJ,1,PVM,PDE
3458,PVM,PDEL,EJ,1,PVM,PDE
2152,PVM,AVL,EJ,1,PVM,AVL
3979,PVNL,PVQR,EJ,1,PVN,PVQ
3074,PVNR,HSNR,EJ,1,PVN,HSN
1500,PVNL,AVBR,EJ,2,PVN,AVB
6188,PVPR,VD5,EJ,1,PVP,VD_DD
6168,PVPR,VD4,EJ,1,PVP,VD_DD
6152,PVPL,VD3,EJ,1,PVP,VD_DD
6263,PVPL,VD13,EJ,2,PVP,VD_DD
4040,PVPL,PVT,EJ,1,PVP,PVT
3929,PVPL,PVPR,EJ,1,PVP,PVP
3898,PVPR,PVPL,EJ,1,PVP,PVP
3601,PVPL,PQR,EJ,4,PVP,PQR
3512,PVPL,PHAR,EJ,3,PVP,PHA
2940,PVPR,DVC,EJ,13,PVP,DVC
2939,PVPL,DVC,EJ,2,PVP,DVC
2120,PVPL,AVKR,EJ,6,PVP,AVK
2079,PVPR,AVKL,EJ,1,PVP,AVK
2078,PVPL,AVKL,EJ,1,PVP,AVK
1091,PVPL,AVAL,EJ,1,PVP,AVA
664,PVPR,AQR,EJ,9,PVP,AQR
663,PVPL,AQR,EJ,7,PVP,AQR
3980,PVQL,PVQR,EJ,2,PVQ,PVQ
3955,PVQR,PVQL,EJ,2,PVQ,PVQ
3829,PVQR,PVNL,EJ,1,PVQ,PVN
1832,PVQR,AVFL,EJ,1,PVQ,AVF
1004,PVQR,ASKR,EJ,4,PVQ,ASK
991,PVQL,ASKL,EJ,5,PVQ,ASK
33,PVQR,ADAR,EJ,1,PVQ,ADA
4,PVQL,ADAL,EJ,1,PVQ,ADA
3582,PVR,PLMR,EJ,2,PVR,PLM
3295,PVR,LUAR,EJ,1,PVR,LUA
3282,PVR,LUAL,EJ,1,PVR,LUA
2866,PVR,DVA,EJ,2,PVR,DVA
620,PVR,ALML,EJ,1,PVR,ALM
4280,PVT,RIBR,EJ,1,PVT,RIB
4233,PVT,RIBL,EJ,1,PVT,RIB
3899,PVT,PVPL,EJ,1,PVT,PVP
2080,PVT,AVKL,EJ,2,PVT,AVK
384,PVT,AIBR,EJ,1,PVT,AIB
328,PVT,AIBL,EJ,1,PVT,AIB
3739,PVWR,PVCR,EJ,1,PVW,PVC
3738,PVWL,PVCR,EJ,2,PVW,PVC
5469,RIBL,SMDVR,EJ,2,RIB,SMD
5444,RIBR,SMDVL,EJ,2,RIB,SMD
5420,RIBR,SMDDR,EJ,1,RIB,SMD
5389,RIBR,SMDDL,EJ,1,RIB,SMD
5388,RIBL,SMDDL,EJ,1,RIB,SMD
5342,RIBR,SMBDR,EJ,1,RIB,SMB
5323,RIBL,SMBDL,EJ,1,RIB,SMB
5305,RIBR,SIBVR,EJ,1,RIB,SIB
5304,RIBL,SIBVR,EJ,1,RIB,SIB
5296,RIBL,SIBVL,EJ,1,RIB,SIB
5287,RIBR,SIBDR,EJ,1,RIB,SIB
5281,RIBL,SIBDL,EJ,1,RIB,SIB
5277,RIBR,SIAVR,EJ,1,RIB,SIA
5272,RIBL,SIAVL,EJ,1,RIB,SIA
5266,RIBR,SIADR,EJ,1,RIB,SIA
5261,RIBL,SIADL,EJ,1,RIB,SIA
4488,RIBR,RIGR,EJ,1,RIB,RIG
4450,RIBL,RIGL,EJ,1,RIB,RIG
4282,RIBR,RIBR,EJ,1,RIB,RIB
4281,RIBL,RIBR,EJ,3,RIB,RIB
4235,RIBR,RIBL,EJ,3,RIB,RIB
4234,RIBL,RIBL,EJ,1,RIB,RIB
4043,RIBR,PVT,EJ,1,RIB,PVT
4041,RIBL,PVT,EJ,1,RIB,PVT
3423,RIBR,OLQVR,EJ,1,RIB,OLQ
3405,RIBL,OLQVL,EJ,1,RIB,OLQ
3380,RIBR,OLQDR,EJ,2,RIB,OLQ
3364,RIBL,OLQDL,EJ,2,RIB,OLQ
1502,RIBR,AVBR,EJ,1,RIB,AVB
1501,RIBL,AVBR,EJ,1,RIB,AVB
1402,RIBR,AVBL,EJ,1,RIB,AVB
1401,RIBL,AVBL,EJ,1,RIB,AVB
2262,RICL,AWBR,EJ,1,RIC,AWB
2121,RICL,AVKR,EJ,1,RIC,AVK
2082,RICR,AVKL,EJ,1,RIC,AVK
2081,RICL,AVKL,EJ,1,RIC,AVK
921,RICR,ASHR,EJ,2,RIC,ASH
893,RICL,ASHL,EJ,2,RIC,ASH
3445,RID,PDB,EJ,2,RID,PDB
2660,RID,DB1,EJ,1,RID,DB
2642,RID,DA9,EJ,1,RID,DA9
1503,RID,AVBR,EJ,2,RID,AVB
1403,RID,AVBL,EJ,1,RID,AVB
612,RID,ALA,EJ,1,RID,ALA
6110,RIFL,VD1,EJ,1,RIF,VD_DD
1903,RIFR,AVG,EJ,1,RIF,AVG
1902,RIFL,AVG,EJ,1,RIF,AVG
6111,RIGL,VD1,EJ,2,RIG,VD_DD
5863,RIGL,VB2,EJ,1,RIG,VB02
5636,RIGR,URYVR,EJ,1,RIG,URY
5621,RIGL,URYVL,EJ,1,RIG,URY
5606,RIGR,URYDR,EJ,1,RIG,URY
5594,RIGL,URYDL,EJ,1,RIG,URY
4966,RIGL,RMEL,EJ,1,RIG,RME_LR
4489,RIGL,RIGR,EJ,3,RIG,RIG
4451,RIGR,RIGL,EJ,3,RIG,RIG
4283,RIGR,RIBR,EJ,1,RIG,RIB
4236,RIGL,RIBL,EJ,1,RIG,RIB
3424,RIGR,OLQVR,EJ,1,RIG,OLQ
3406,RIGL,OLQVL,EJ,1,RIG,OLQ
3381,RIGR,OLQDR,EJ,1,RIG,OLQ
3365,RIGL,OLQDL,EJ,1,RIG,OLQ
3345,RIGR,OLLR,EJ,1,RIG,OLL
3314,RIGL,OLLL,EJ,1,RIG,OLL
2345,RIGL,BAGR,EJ,1,RIG,BAG
2323,RIGR,BAGL,EJ,1,RIG,BAG
2122,RIGR,AVKR,EJ,1,RIG,AVK
2083,RIGL,AVKL,EJ,1,RIG,AVK
666,RIGR,AQR,EJ,1,RIG,AQR
665,RIGL,AQR,EJ,2,RIG,AQR
385,RIGL,AIBR,EJ,3,RIG,AIB
329,RIGR,AIBL,EJ,3,RIG,AIB
3382,RIH,OLQDR,EJ,1,RIH,OLQ
2983,RIH,FLPL,EJ,1,RIH,FLP
2488,RIH,CEPVR,EJ,1,RIH,CEP
2465,RIH,CEPVL,EJ,1,RIH,CEP
2434,RIH,CEPDR,EJ,1,RIH,CEP
2402,RIH,CEPDL,EJ,1,RIH,CEP
4723,RIMR,RIS,EJ,1,RIM,RIS
4722,RIML,RIS,EJ,1,RIM,RIS
1774,RIMR,AVER,EJ,2,RIM,AVE
1773,RIML,AVER,EJ,3,RIM,AVE
1699,RIMR,AVEL,EJ,3,RIM,AVE
1698,RIML,AVEL,EJ,2,RIM,AVE
1258,RIMR,AVAR,EJ,1,RIM,AVA
1257,RIML,AVAR,EJ,2,RIM,AVA
1092,RIMR,AVAL,EJ,3,RIM,AVA
524,RIMR,AIYR,EJ,1,RIM,AIY
498,RIML,AIYL,EJ,1,RIM,AIY
386,RIML,AIBR,EJ,1,RIM,AIB
330,RIMR,AIBL,EJ,1,RIM,AIB
4953,RIPR,RMED,EJ,1,RIP,RME_DV
4952,RIPL,RMED,EJ,1,RIP,RME_DV
6420,RIPR,I1R,EJ,1,RIP,I1
6419,RIPL,I1R,EJ,1,RIP,I1
6418,RIPR,I1L,EJ,1,RIP,I1
6417,RIPL ,I1L,EJ,1,RIP,I1
2346,RIR,BAGR,EJ,1,RIR,BAG
2324,RIR,BAGL,EJ,1,RIR,BAG
5445,RIS,SMDVL,EJ,1,RIS,SMD
5421,RIS,SMDDR,EJ,1,RIS,SMD
5390,RIS,SMDDL,EJ,1,RIS,SMD
4611,RIS,RIMR,EJ,1,RIS,RIM
4564,RIS,RIML,EJ,1,RIS,RIM
2661,RIS,DB1,EJ,1,RIS,DB
2008,RIS,AVJL,EJ,1,RIS,AVJ
387,RIS,AIBR,EJ,1,RIS,AIB
5470,RIVR,SMDVR,EJ,2,RIV,SMD
5446,RIVL,SMDVL,EJ,1,RIV,SMD
5254,RIVR,SDQR,EJ,2,RIV,SDQ
5253,RIVL,SDQR,EJ,2,RIV,SDQ
4762,RIVL,RIVR,EJ,2,RIV,RIV
4745,RIVR,RIVL,EJ,2,RIV,RIV
388,RIVR,AIBR,EJ,1,RIV,AIB
331,RIVL,AIBL,EJ,1,RIV,AIB
4937,RMDR,RMDVR,EJ,1,RM_LR,RMD_DV
4908,RMDL,RMDVL,EJ,1,RM_LR,RMD_DV
5471,RMDVR,SMDVR,EJ,1,RMD_DV,SMD
5447,RMDVL,SMDVL,EJ,1,RMD_DV,SMD
5422,RMDDR,SMDDR,EJ,1,RMD_DV,SMD
5391,RMDDL,SMDDL,EJ,1,RMD_DV,SMD
5184,RMDVR,SAAVR,EJ,1,RMD_DV,SAA
5171,RMDVL,SAAVL,EJ,1,RMD_DV,SAA
5154,RMDDR,SAADR,EJ,1,RMD_DV,SAA
4938,RMDVL,RMDVR,EJ,1,RMD_DV,RMD_DV
4936,RMDDR,RMDVR,EJ,1,RMD_DV,RMD_DV
4909,RMDVR,RMDVL,EJ,1,RMD_DV,RMD_DV
4907,RMDDL,RMDVL,EJ,1,RMD_DV,RMD_DV
4884,RMDVR,RMDR,EJ,1,RMD_DV,RMD_LR
4853,RMDVL,RMDL,EJ,1,RMD_DV,RMD_LR
4852,RMDDL,RMDL,EJ,1,RMD_DV,RMD_LR
4813,RMDVR,RMDDR,EJ,1,RMD_DV,RMD_DV
4791,RMDVL,RMDDL,EJ,1,RMD_DV,RMD_DV
3425,RMDDR,OLQVR,EJ,1,RMD_DV,OLQ
3407,RMDDL,OLQVL,EJ,1,RMD_DV,OLQ
3383,RMDVR,OLQDR,EJ,1,RMD_DV,OLQ
3366,RMDVL,OLQDL,EJ,1,RMD_DV,OLQ
1776,RMDVR,AVER,EJ,1,RMD_DV,AVE
1775,RMDVL,AVER,EJ,1,RMD_DV,AVE
1700,RMDVR,AVEL,EJ,1,RMD_DV,AVE
4790,RMDL,RMDDL,EJ,1,RMD_LR,RMD_DV
4998,RMED,RMEV,EJ,2,RME_DV,RME_DV
4981,RMEV,RMER,EJ,1,RME_DV,RME_LR
4967,RMEV,RMEL,EJ,1,RME_DV,RME_LR
4954,RMEV,RMED,EJ,2,RME_DV,RME_DV
4665,RMED,RIPR,EJ,1,RME_DV,RIP
4647,RMED,RIPL,EJ,1,RME_DV,RIP
3158,RMED,IL1VL,EJ,1,RME_DV,IL1
3111,RMEV,IL1DR,EJ,1,RME_DV,IL1
3096,RMEV,IL1DL,EJ,1,RME_DV,IL1
1777,RMEV,AVER,EJ,1,RME_DV,AVE
1701,RMEV,AVEL,EJ,1,RME_DV,AVE
5000,RMER,RMEV,EJ,1,RME_LR,RME_DV
4999,RMEL,RMEV,EJ,1,RME_LR,RME_DV
4452,RMEL,RIGL,EJ,1,RME_LR,RIG
5534,RMFL,URBR,EJ,1,RMF,URB
5579,RMGR,URXR,EJ,1,RMG,URX
5556,RMGL,URXL,EJ,1,RMG,URX
5119,RMGR,RMHR,EJ,1,RMG,RMH
5106,RMGL,RMHL,EJ,3,RMG,RMH
3226,RMGR,IL2R,EJ,1,RMG,IL2_LR
3207,RMGL,IL2L,EJ,1,RMG,IL2_LR
2263,RMGR,AWBR,EJ,1,RMG,AWB
2243,RMGL,AWBL,EJ,1,RMG,AWB
1005,RMGR,ASKR,EJ,1,RMG,ASK
992,RMGL,ASKL,EJ,1,RMG,ASK
922,RMGR,ASHR,EJ,1,RMG,ASH
894,RMGL,ASHL,EJ,1,RMG,ASH
176,RMGL,ADLL,EJ,1,RMG,ADL
5306,RMHL,SIBVR,EJ,1,RMH,SIB
5095,RMHR,RMGR,EJ,1,RMH,RMG
5059,RMHL,RMGL,EJ,3,RMH,RMG
5369,SAAVL,SMBVR,EJ,3,SAA,SMB
5357,SAAVR,SMBVL,EJ,2,SAA,SMB
5324,SAADL,SMBDL,EJ,1,SAA,SMB
4939,SAAVR,RMDVR,EJ,1,SAA,RMD_DV
4910,SAAVL,RMDVL,EJ,1,SAA,RMD_DV
4814,SAADR,RMDDR,EJ,1,SAA,RMD_DV
5696,SABD,VA4,EJ,1,SAB,VA
5679,SABD,VA3,EJ,2,SAB,VA
5656,SABD,VA2,EJ,3,SAB,VA
2539,SABVL,DA2,EJ,1,SAB,DA
2521,SABVR,DA1,EJ,3,SAB,DA
2520,SABVL,DA1,EJ,2,SAB,DA
1260,SABVR,AVAR,EJ,1,SAB,AVA
1259,SABVL,AVAR,EJ,3,SAB,AVA
1094,SABVR,AVAL,EJ,1,SAB,AVA
1093,SABD,AVAL,EJ,4,SAB,AVA
5297,SDQR,SIBVL,EJ,1,SDQ,SIB
5255,SDQL,SDQR,EJ,1,SDQ,SDQ
5240,SDQR,SDQL,EJ,1,SDQ,SDQ
4763,SDQR,RIVR,EJ,2,SDQ,RIV
4746,SDQR,RIVL,EJ,2,SDQ,RIV
1404,SDQR,AVBL,EJ,1,SDQ,AVB
1095,SDQR,AVAL,EJ,1,SDQ,AVA
4285,SIAVR,RIBR,EJ,1,SIA,RIB
4284,SIADR,RIBR,EJ,1,SIA,RIB
4238,SIAVL,RIBL,EJ,1,SIA,RIB
4237,SIADL,RIBL,EJ,1,SIA,RIB
5307,SIBDR,SIBVR,EJ,1,SIB,SIB
5298,SIBDL,SIBVL,EJ,1,SIB,SIB
5288,SIBVR,SIBDR,EJ,1,SIB,SIB
5282,SIBVL,SIBDL,EJ,1,SIB,SIB
5256,SIBVL,SDQR,EJ,1,SIB,SDQ
5107,SIBVR,RMHL,EJ,1,SIB,RMH
4287,SIBVR,RIBR,EJ,1,SIB,RIB
4286,SIBDR,RIBR,EJ,1,SIB,RIB
4241,SIBVR,RIBL,EJ,1,SIB,RIB
4240,SIBVL,RIBL,EJ,1,SIB,RIB
4239,SIBDL,RIBL,EJ,1,SIB,RIB
1504,SIBVL,AVBR,EJ,1,SIB,AVB
1405,SIBVL,AVBL,EJ,1,SIB,AVB
429,SIBDR,AIML,EJ,1,SIB,AIM
5185,SMBVL,SAAVR,EJ,2,SMB,SAA
5172,SMBVR,SAAVL,EJ,3,SMB,SAA
5134,SMBDL,SAADL,EJ,1,SMB,SAA
4288,SMBDR,RIBR,EJ,1,SMB,RIB
4242,SMBDL,RIBL,EJ,1,SMB,RIB
2125,SMBVR,AVKR,EJ,1,SMB,AVK
2124,SMBDR,AVKR,EJ,2,SMB,AVK
2123,SMBDL,AVKR,EJ,1,SMB,AVK
2086,SMBVR,AVKL,EJ,1,SMB,AVK
2085,SMBDR,AVKL,EJ,1,SMB,AVK
2084,SMBDL,AVKL,EJ,1,SMB,AVK
645,SMBDR,ALNL,EJ,1,SMB,ALN
6112,SMDDR,VD1,EJ,1,SMD,VD_DD
5850,SMDVR,VB1,EJ,1,SMD,VB01
5472,SMDVL,SMDVR,EJ,1,SMD,SMD
5448,SMDVR,SMDVL,EJ,1,SMD,SMD
4940,SMDVR,RMDVR,EJ,1,SMD,RMD_DV
4911,SMDVL,RMDVL,EJ,1,SMD,RMD_DV
4816,SMDDR,RMDDR,EJ,1,SMD,RMD_DV
4792,SMDDL,RMDDL,EJ,1,SMD,RMD_DV
4765,SMDVR,RIVR,EJ,2,SMD,RIV
4747,SMDVL,RIVL,EJ,1,SMD,RIV
4726,SMDVL,RIS,EJ,1,SMD,RIS
4725,SMDDR,RIS,EJ,1,SMD,RIS
4724,SMDDL,RIS,EJ,1,SMD,RIS
4291,SMDVL,RIBR,EJ,2,SMD,RIB
4290,SMDDR,RIBR,EJ,1,SMD,RIB
4289,SMDDL,RIBR,EJ,1,SMD,RIB
4244,SMDVR,RIBL,EJ,2,SMD,RIB
4243,SMDDL,RIBL,EJ,1,SMD,RIB
5018,URBR,RMFL,EJ,1,URB,RMF
3426,URBR,OLQVR,EJ,1,URB,OLQ
3408,URBL,OLQVL,EJ,1,URB,OLQ
3384,URBR,OLQDR,EJ,1,URB,OLQ
3367,URBL,OLQDL,EJ,1,URB,OLQ
5096,URXR,RMGR,EJ,1,URX,RMG
5060,URXL,RMGL,EJ,1,URX,RMG
3227,URXR,IL2R,EJ,1,URX,IL2_LR
4491,URYVR,RIGR,EJ,1,URY,RIG
4490,URYDR,RIGR,EJ,1,URY,RIG
4454,URYVL,RIGL,EJ,1,URY,RIG
4453,URYDL,RIGL,EJ,1,URY,RIG
1262,URYVL,AVAR,EJ,1,URY,AVA
1261,URYDR,AVAR,EJ,1,URY,AVA
1097,URYVR,AVAL,EJ,1,URY,AVA
1096,URYDL,AVAL,EJ,1,URY,AVA
6220,VA8,VD8,EJ,1,VA,VD_DD
6213,VA9,VD7,EJ,1,VA,VD_DD
6135,VA2,VD2,EJ,3,VA,VD_DD
6113,VA2,VD1,EJ,1,VA,VD_DD
5954,VA9,VB9,EJ,4,VA,VB
5953,VA8,VB9,EJ,3,VA,VB
5935,VA9,VB8,EJ,1,VA,VB
5934,VA8,VB8,EJ,3,VA,VB
5880,VA7,VB3,EJ,1,VA,VB
5746,VA8,VA8,EJ,1,VA,VA
5203,VA4,SABD,EJ,1,VA,SAB
5202,VA3,SABD,EJ,2,VA,SAB
5201,VA2,SABD,EJ,3,VA,SAB
3744,VA9,PVCR,EJ,1,VA,PVC
3740,VA8,PVCR,EJ,2,VA,PVC
3478,VA8,PDER,EJ,1,VA,PDE
2941,VA9,DVC,EJ,1,VA,DVC
2920,VA9,DVB,EJ,1,VA,DVB
2599,VA5,DA5,EJ,2,VA,DA
2598,VA4,DA5,EJ,1,VA,DA
2540,VA1,DA2,EJ,2,VA,DA
1506,VA9,AVBR,EJ,1,VA,AVB
1505,VA8,AVBR,EJ,1,VA,AVB
1268,VA8,AVAR,EJ,4,VA,AVA
1267,VA7,AVAR,EJ,4,VA,AVA
1266,VA6,AVAR,EJ,2,VA,AVA
1265,VA5,AVAR,EJ,3,VA,AVA
1264,VA4,AVAR,EJ,3,VA,AVA
1263,VA3,AVAR,EJ,2,VA,AVA
1270,VA11,AVAR,EJ,7,VA,AVA
1269,VA10,AVAR,EJ,1,VA,AVA
1106,VA9,AVAL,EJ,1,VA,AVA
1105,VA8,AVAL,EJ,10,VA,AVA
1104,VA7,AVAL,EJ,2,VA,AVA
1103,VA6,AVAL,EJ,6,VA,AVA
1102,VA5,AVAL,EJ,5,VA,AVA
1101,VA4,AVAL,EJ,1,VA,AVA
1100,VA3,AVAL,EJ,1,VA,AVA
1099,VA2,AVAL,EJ,4,VA,AVA
1108,VA11,AVAL,EJ,1,VA,AVA
1107,VA10,AVAL,EJ,1,VA,AVA
1098,VA1,AVAL,EJ,3,VA,AVA
764,VA8,AS6,EJ,1,VA,AS
748,VA7,AS5,EJ,1,VA,AS
722,VA5,AS3,EJ,2,VA,AS
708,VA4,AS2,EJ,2,VA,AS
694,VA3,AS1,EJ,1,VA,AS
5980,VA12,VB11,EJ,1,VA12,VB
3562,VA12,PHCR,EJ,1,VA12,PHC
3550,VA12,PHCL,EJ,1,VA12,PHC
1271,VA12,AVAR,EJ,1,VA12,AVA
5955,VB8,VB9,EJ,3,VB,VB
5936,VB9,VB8,EJ,3,VB,VB
5913,VB5,VB6,EJ,1,VB,VB
5901,VB6,VB5,EJ,1,VB,VB
5900,VB4,VB5,EJ,1,VB,VB
5892,VB5,VB4,EJ,1,VB,VB
5867,VB7,VB2,EJ,2,VB,VB02
5866,VB5,VB2,EJ,1,VB,VB02
5865,VB3,VB2,EJ,1,VB,VB02
5774,VB9,VA9,EJ,4,VB,VA
5773,VB8,VA9,EJ,1,VB,VA
5748,VB9,VA8,EJ,3,VB,VA
5747,VB8,VA8,EJ,3,VB,VA
5733,VB3,VA7,EJ,1,VB,VA
5821,VB11,VA12,EJ,1,VB,VA12
3660,VB9,PVCL,EJ,2,VB,PVC
3661,VB10,PVCL,EJ,1,VB,PVC
2921,VB9,DVB,EJ,1,VB,DVB
2716,VB4,DB4,EJ,1,VB,DB
2663,VB4,DB1,EJ,1,VB,DB
2662,VB3,DB1,EJ,1,VB,DB
2584,VB6,DA4,EJ,1,VB,DA
2088,VB10,AVKL,EJ,1,VB,AVK
1513,VB9,AVBR,EJ,6,VB,AVB
1512,VB8,AVBR,EJ,3,VB,AVB
1511,VB7,AVBR,EJ,2,VB,AVB
1510,VB6,AVBR,EJ,2,VB,AVB
1509,VB4,AVBR,EJ,1,VB,AVB
1508,VB3,AVBR,EJ,1,VB,AVB
1515,VB11,AVBR,EJ,1,VB,AVB
1514,VB10,AVBR,EJ,1,VB,AVB
1413,VB9,AVBL,EJ,1,VB,AVB
1412,VB8,AVBL,EJ,7,VB,AVB
1411,VB7,AVBL,EJ,2,VB,AVB
1410,VB6,AVBL,EJ,1,VB,AVB
1409,VB5,AVBL,EJ,1,VB,AVB
1408,VB4,AVBL,EJ,1,VB,AVB
1415,VB11,AVBL,EJ,2,VB,AVB
1414,VB10,AVBL,EJ,2,VB,AVB
1272,VB9,AVAR,EJ,4,VB,AVA
1109,VB9,AVAL,EJ,5,VB,AVA
5864,VB1,VB2,EJ,4,VB01,VB02
5473,VB1,SMDVR,EJ,1,VB01,SMD
2675,VB1,DB2,EJ,2,VB01,DB
2087,VB1,AVKL,EJ,4,VB01,AVK
1406,VB1,AVBL,EJ,1,VB01,AVB
5922,VB2,VB7,EJ,2,VB02,VB
5899,VB2,VB5,EJ,1,VB02,VB
5881,VB2,VB3,EJ,1,VB02,VB
5851,VB2,VB1,EJ,4,VB02,VB01
4455,VB2,RIGL,EJ,1,VB02,RIG
2715,VB2,DB4,EJ,1,VB02,DB
1507,VB2,AVBR,EJ,1,VB02,AVB
1407,VB2,AVBL,EJ,3,VB02,AVB
6114,VC1,VD1,EJ,1,VC,VD_DD
6093,VC4,VC5,EJ,1,VC,VC_4_5
6092,VC3,VC5,EJ,2,VC,VC_4_5
6077,VC3,VC4,EJ,1,VC,VC_4_5
6057,VC2,VC3,EJ,2,VC,VC
6056,VC1,VC3,EJ,2,VC,VC
6025,VC3,VC2,EJ,2,VC,VC
6024,VC1,VC2,EJ,6,VC,VC
5992,VC3,VC1,EJ,2,VC,VC
5991,VC2,VC1,EJ,6,VC,VC
2814,VC3,DD4,EJ,1,VC,VD_DD
6078,VC5,VC4,EJ,1,VC_4_5,VC_4_5
6059,VC5,VC3,EJ,2,VC_4_5,VC
6058,VC4,VC3,EJ,1,VC_4_5,VC
1876,VC4,AVFR,EJ,1,VC_4_5,AVF
6225,VD10,VD9,EJ,5,VD_DD,VD_DD
6219,DD4,VD8,EJ,1,VD_DD,VD_DD
6214,VD6,VD7,EJ,1,VD_DD,VD_DD
6207,VD7,VD6,EJ,1,VD_DD,VD_DD
6206,VD5,VD6,EJ,2,VD_DD,VD_DD
6190,VD6,VD5,EJ,2,VD_DD,VD_DD
6189,VD4,VD5,EJ,1,VD_DD,VD_DD
6170,VD5,VD4,EJ,1,VD_DD,VD_DD
6169,VD3,VD4,EJ,1,VD_DD,VD_DD
6167,DD2,VD4,EJ,2,VD_DD,VD_DD
6154,VD4,VD3,EJ,1,VD_DD,VD_DD
6153,VD2,VD3,EJ,2,VD_DD,VD_DD
6137,VD3,VD2,EJ,2,VD_DD,VD_DD
6136,VD1,VD2,EJ,7,VD_DD,VD_DD
6134,DD1,VD2,EJ,2,VD_DD,VD_DD
6234,VD9,VD10,EJ,5,VD_DD,VD_DD
6232,DD5,VD10,EJ,1,VD_DD,VD_DD
6115,VD2,VD1,EJ,7,VD_DD,VD_DD
6108,DD1,VD1,EJ,4,VD_DD,VD_DD
6055,DD4,VC3,EJ,1,VD_DD,VC
5995,VD1,VC1,EJ,1,VD_DD,VC
5775,VD7,VA9,EJ,1,VD_DD,VA
5749,VD8,VA8,EJ,1,VD_DD,VA
5658,VD2,VA2,EJ,3,VD_DD,VA
5657,VD1,VA2,EJ,1,VD_DD,VA
5423,VD1,SMDDR,EJ,1,VD_DD,SMD
4456,VD1,RIGL,EJ,2,VD_DD,RIG
4394,VD1,RIFL,EJ,1,VD_DD,RIF
3931,VD5,PVPR,EJ,1,VD_DD,PVP
3930,VD4,PVPR,EJ,1,VD_DD,PVP
3900,VD3,PVPL,EJ,1,VD_DD,PVP
3901,VD13,PVPL,EJ,2,VD_DD,PVP
3479,VD9,PDER,EJ,1,VD_DD,PDE
2943,VD10,DVC,EJ,4,VD_DD,DVC
2942,VD1,DVC,EJ,5,VD_DD,DVC
2823,VD10,DD5,EJ,1,VD_DD,VD_DD
2815,VD8,DD4,EJ,1,VD_DD,VD_DD
2813,DD3,DD4,EJ,1,VD_DD,VD_DD
2801,DD4,DD3,EJ,1,VD_DD,VD_DD
2800,DD2,DD3,EJ,2,VD_DD,VD_DD
2783,VD4,DD2,EJ,2,VD_DD,VD_DD
2782,DD3,DD2,EJ,2,VD_DD,VD_DD
2781,DD1,DD2,EJ,1,VD_DD,VD_DD
2759,VD2,DD1,EJ,2,VD_DD,VD_DD
2758,VD1,DD1,EJ,4,VD_DD,VD_DD
2757,DD2,DD1,EJ,1,VD_DD,VD_DD
1516,VD10,AVBR,EJ,1,VD_DD,AVB
1498,DD1,AVBR,EJ,1,VD_DD,AVB
695,VD2,AS1,EJ,1,VD_DD,AS
3173,IL2R,IL1VR,EJ,1,,IL1